SplitLayer,1stInfTime,2ndInfTime,oscarJobTime,kubePodTime,tensorSaveTime,tensorLoadTime,tensorLenght,networkingTime,singleLayerInfTime,OpType,NrParameters,FLOPS,SingleLayerSum-Splitted,singleLayerInfTimeProf
NO_SPLIT,2.11531447740017,0.0,0.0,0.0,0,0,0,0,0.0,,,,2.1915179455978433,
NO_SPLIT,0.0,1.4009524575987597,2.2798,5.2,0,0.008335013000760227,2457600,1.1610600399999385,0.0,,,,2.9058799653992535,
sequential-mobilenetv2_1.00_160-bn_Conv1-FusedBatchNormV3_0,0.15330861400025242,1.5276605721999659,2.5044,5.6,0.20536264799966375,0.022828721994301304,6553600,2.8854073170000447,0.13871658059997571,Conv,896,864,2.6258632367977954,0
sequential-mobilenetv2_1.00_160-expanded_conv_depthwise_BN-FusedBatchNormV3_0,0.2462112372001684,1.4945716614020057,2.4962,5.6,0.18835863599997538,0.022736801009159535,6553600,2.941318092999609,0.13245674040044833,Conv,320,9312,2.566049524395839,0
sequential-mobilenetv2_1.00_160-expanded_conv_project_BN-FusedBatchNormV3_0,0.27100301700011187,1.3345882512046956,2.2114000000000003,5.4,0.10441799699992771,0.011705683005857281,3276800,1.5272301019999759,0.0960635130004448,Conv,528,608,2.7012411547932063,0
sequential-mobilenetv2_1.00_160-block_1_expand-Conv2D_0,0.5289526863999526,1.245895855195704,2.6020000000000003,5.8,0.9584362299997338,0.06551937499898486,19660800,10.543397681999977,0.29114773099991,Conv,1536,1536,2.5319838814023568,0
sequential-mobilenetv2_1.00_160-block_1_expand_BN-FusedBatchNormV3_0,0.6114211233999413,1.3243816019996302,2.6624,5.8,0.9837761989997489,0.0658065390016418,19660800,8.193607766000241,0.27134369860013974,BatchNormalization,384,288,2.371029697598442,0
sequential-mobilenetv2_1.00_160-block_1_pad-Pad_0,0.8096519071997136,1.4176820533990395,2.7359999999999998,5.2,0.9897573750004085,0.06669031199999154,20155392,11.361918242999764,0.4714467100000547,Pad,0,288,2.0794984623992603,0
sequential-mobilenetv2_1.00_160-block_1_depthwise_BN-FusedBatchNormV3_0,0.8075964283997564,0.9982100477995118,1.9497999999999998,5.2,0.18328751699982604,0.016798288008430973,4915200,2.231291536000299,0.17158525439990627,Conv,960,82944,2.5010259467987455,0
sequential-mobilenetv2_1.00_160-block_1_project_BN-FusedBatchNormV3_0,0.789488125600019,1.1862810791993978,1.9663999999999997,5.0,0.06221741599983943,0.004264196002623066,1228800,0.7665023580002526,0.06432904779994715,Conv,2328,2592,2.3310632181985964,0
sequential-mobilenetv2_1.00_160-block_2_add-add_0,0.9936629634001293,0.983849510998698,1.8182000000000003,4.6,0.03746718899992629,0.004218685993691906,1228800,0.7013093089999529,0.2450130283996259,Add,8952,233232,2.3293199485991862,0
sequential-mobilenetv2_1.00_160-block_3_expand_BN-FusedBatchNormV3_0,1.0816498777999186,0.8130834584007971,1.8774000000000002,5.0,0.21387822999986383,0.02555594099976588,7372800,3.301120003000051,0.08967508659970917,Conv,3600,3456,2.412099086797298,0
sequential-mobilenetv2_1.00_160-block_3_pad-Pad_0,1.0992818348000584,1.0795413067971822,2.1328,5.4,0.233084491000227,0.02685775600548368,7746048,3.3814521020003667,0.08837970260010479,Pad,0,432,2.128009281400773,0
sequential-mobilenetv2_1.00_160-block_3_depthwise_BN-FusedBatchNormV3_0,1.1354597257999557,0.7160076316009508,1.599,4.6,0.05444854100005614,0.0062901390047045425,1843200,0.9962698729996191,0.08114896440038137,Conv,1440,186624,2.455365065597107,0
sequential-mobilenetv2_1.00_160-block_3_project_BN-FusedBatchNormV3_0,1.1461240119997456,1.0164328071987256,1.8343999999999998,5.0,0.017191855999953987,0.0015212540020002052,409600,0.41089861299951735,0.030493196999850626,Conv,4640,5040,2.1442756037995423,0
sequential-mobilenetv2_1.00_160-block_4_add-add_0,1.1903334674003418,0.8257709496014286,1.623,4.8,0.01367060600023251,0.0015081900055520236,409600,0.36044683100044494,0.11619323199993233,Add,15008,358592,2.290728005996243,0
sequential-mobilenetv2_1.00_160-block_5_add-add_0,1.2641797667998618,0.8370227134029846,1.6456,4.4,0.013106819999848085,0.0015244179958244786,409600,1.001962385999832,0.13049356139981683,Add,14432,358016,2.2056299427951673,0
sequential-mobilenetv2_1.00_160-block_6_expand_BN-FusedBatchNormV3_0,1.313601521400051,0.6830707669985714,1.5176,4.4,0.08983313599946996,0.00863445398863405,2457600,1.2568634780000139,0.030899454000245897,Conv,6336,6144,2.310160134599391,0
sequential-mobilenetv2_1.00_160-block_6_pad-Pad_0,1.317896228400241,0.7960860368038993,1.6696000000000002,4.6,0.11550161800005299,0.009793821998755448,2709504,1.2591827059995921,0.02920084260003932,Pad,0,576,2.192850157793873,0
sequential-mobilenetv2_1.00_160-block_6_depthwise_BN-FusedBatchNormV3_0,1.3359593399996812,0.691815999802202,1.5352,4.6,0.022178008000082627,0.0020643669995479286,614400,0.4881866940004329,0.031454012800350026,Conv,1920,331776,2.2790570831961303,0
sequential-mobilenetv2_1.00_160-block_6_project_BN-FusedBatchNormV3_0,1.3158144828001241,0.731484098805231,1.55,4.6,0.007576889000119991,0.0008222139877034351,204800,0.5249125480004295,0.022256184399520863,Conv,12352,12864,2.2595338413926584,0
sequential-mobilenetv2_1.00_160-block_7_add-add_0,1.4103324522004186,0.6238882794015808,1.478,4.2,0.007510710000133258,0.0008220859890570864,204800,0.8054975080003715,0.10630178899973544,Add,54592,1386112,2.272611691396014,0
sequential-mobilenetv2_1.00_160-block_8_add-add_0,1.4362008129999595,0.673081109195482,1.5,4.4,0.009065642000678054,0.0007579810044262558,204800,0.2982439119996343,0.09648365519969956,Add,53440,1384960,2.197550500802572,0
sequential-mobilenetv2_1.00_160-block_9_add-add_0,1.5394295791998958,0.7395042274001753,1.5998,4.6,0.010651724000126706,0.0007836599979782477,204800,0.29137526100021205,0.09028236879967153,Add,53440,1384960,2.0278986163979424,0
sequential-mobilenetv2_1.00_160-block_10_expand_BN-FusedBatchNormV3_0,1.5120821173994046,0.6479365217965096,1.4706,4.8,0.040787881999676756,0.004727834995719604,1228800,0.7617423730007431,0.028748167999947328,Conv,24960,24576,2.1468137838020995,0
sequential-mobilenetv2_1.00_160-block_10_depthwise_BN-FusedBatchNormV3_0,1.5493110946001252,0.6314305777981645,1.517,4.6,0.043112733000270964,0.00448182898981031,1228800,0.7344352239997534,0.05302264100009779,Conv,3840,1328256,2.1260907505997237,0
sequential-mobilenetv2_1.00_160-block_10_project_BN-FusedBatchNormV3_0,1.617143855800532,0.5156345915980637,1.3641999999999999,4.0,0.01560947199959628,0.0011029140005121008,307200,0.43286238299970137,0.04522553400001925,Conv,36960,38016,2.174053975599418,0
sequential-mobilenetv2_1.00_160-block_11_add-add_0,1.666704318599659,0.5355218165990664,1.3674,4.8,0.010693036999327887,0.0010915899911196902,307200,0.35624761799954285,0.15404580060021544,Add,118752,3111360,2.104606287799288,0
sequential-mobilenetv2_1.00_160-block_12_add-add_0,1.7469335151996348,0.46070858780294655,1.272,4.6,0.019816946999526408,0.0011070259934058413,307200,0.32799265700032265,0.13965899920003721,Add,117024,3109632,2.099190319995432,0
sequential-mobilenetv2_1.00_160-block_13_expand_BN-FusedBatchNormV3_0,1.7922406960002264,0.3310342137963744,1.2128,4.2,0.06032191000031162,0.0063566909957444295,1843200,0.9720292490001157,0.0351988368001912,Conv,55872,55296,2.183557513201413,0
sequential-mobilenetv2_1.00_160-block_13_pad-Pad_0,1.8351808046001679,0.3478683661989635,1.2218,4.0,0.07034039300015138,0.007758870997349732,2230272,1.12669734300016,0.02702131960013503,Pad,0,1728,2.123783252198882,0
sequential-mobilenetv2_1.00_160-block_13_depthwise_BN-FusedBatchNormV3_0,1.8766645612002322,0.2911939571989933,1.127,4.0,0.018142687000363367,0.0015481800073757768,460800,1.0498922309998306,0.03553055560023495,Conv,5760,2985984,2.138973904598788,0
sequential-mobilenetv2_1.00_160-block_13_project_BN-FusedBatchNormV3_0,1.839687873600451,0.31966615800047293,1.1562000000000001,4.6,0.004885209000349278,0.0005139849963597953,128000,0.2621715770001174,0.02774788599999738,Conv,92320,93888,2.1474783913970894,0
sequential-mobilenetv2_1.00_160-block_14_add-add_0,1.8802402779998375,0.21796449839603155,1.0333999999999999,4.0,0.01895069500005775,0.0005084750009700656,128000,0.25536402899979294,0.10528708080000797,Add,320800,8614240,2.2086276466021446,0
sequential-mobilenetv2_1.00_160-block_15_add-add_0,1.9777192710000235,0.21830088839924428,1.0186,4.0,0.021110712999870884,0.0005054560024291277,128000,0.2689280079994205,0.13635571859995252,Add,317920,8611360,2.1108122635987456,0
sequential-mobilenetv2_1.00_160-block_16_expand_BN-FusedBatchNormV3_0,1.9759607371999663,0.17699358699901496,1.011,4.0,0.04059115199925145,0.002754547997028567,768000,0.5365144400002464,0.03695506359981664,Conv,154560,153600,2.1538780987990322,0
sequential-mobilenetv2_1.00_160-block_16_depthwise_BN-FusedBatchNormV3_0,2.019697081800041,0.19314036600117107,1.001,4.2,0.024972453999907884,0.002676130010513589,768000,0.5539176700003736,0.043512249999912454,Conv,9600,8297280,2.0939949751968014,0
sequential-mobilenetv2_1.00_160-block_16_project_BN-FusedBatchNormV3_0,2.0599412898000082,0.1166304747981485,0.9278000000000001,4.0,0.02532241500011878,0.0009981680050259456,256000,0.32825468099963473,0.09984241599995584,Conv,307520,310080,2.1302606583998567,0
sequential-mobilenetv2_1.00_160-Conv_1-Conv2D_0,2.107201639599771,0.07639152100018691,0.8024000000000001,4.0,0.06403918500018335,0.0033561540039954707,1024000,0.6156459100002394,0.08757889540011092,Conv,409600,409600,2.1232392623980556,0
sequential-mobilenetv2_1.00_160-Conv_1_bn-FusedBatchNormV3_0,2.159625273799975,0.047638957999879494,0.8837999999999999,3.8,0.03320610799983115,0.0034279779938515276,1024000,0.6390909969995846,0.00985505880034907,BatchNormalization,5120,3840,2.099568191198159,0
sequential-global_average_pooling2d-Mean_0,2.156243041800553,0.024127147399121897,0.7726000000000001,4.0,0.004187184999864257,0.00021852699865121394,40960,0.2063928269999451,0.010262526599944977,GlobalAveragePool,0,35840,2.1264622337983385,0
sequential-dense-MatMul_0,2.1265724534001493,0.02675452480034437,0.8238,4.0,0.000974474999566155,8.013499609660357e-05,32,0.17104623799968977,0.0048828470004082195,MatMul,1280,1280,2.1535054447975197,0
SplitLayer,1stInfTime,2ndInfTime,oscarJobTime,kubePodTime,tensorSaveTime,tensorLoadTime,tensorLenght,networkingTime,singleLayerInfTime,OpType,NrParameters,FLOPS,SingleLayerSum-Splitted,singleLayerInfTimeProf
NO_SPLIT,2.1686225570001625,0,0,0,0,0,0,0,0,,,,1.7222453690046677,
NO_SPLIT,0,1.1683330879895948,2.073,5.0,0,0.008798595998086967,2457600,1.1499733079999714,0,,,,2.7225348380152354,
sequential-mobilenetv2_1.00_160-bn_Conv1-FusedBatchNormV3_0,0.17693035100091947,1.6368827879923629,2.622,6.0,0.18653394800003298,0.02503363300638739,6553600,2.88794141300059,0.13044185599937919,Conv,896,864,2.077054787011548,0
sequential-mobilenetv2_1.00_160-expanded_conv_depthwise_BN-FusedBatchNormV3_0,0.29557331500109285,1.8430694349954138,2.809,6.0,0.20156867900004727,0.022025828991900198,6553600,2.942438402999869,0.14728652300073009,Conv,320,9312,1.7522251760083236,0
sequential-mobilenetv2_1.00_160-expanded_conv_project_BN-FusedBatchNormV3_0,0.2916777930004173,1.6620110310032032,2.555,6.0,0.10168927899940172,0.011671975997160189,3276800,1.594976018000125,0.07048163800118346,Conv,528,608,1.9371791020012097,0
sequential-mobilenetv2_1.00_160-block_1_expand-Conv2D_0,0.5421244319995822,1.1067569330043625,2.435,6.0,1.0561400349997712,0.06421113900432829,19660800,8.437702604000151,0.2579668609996588,Conv,1536,1536,2.2419865610008856,0
sequential-mobilenetv2_1.00_160-block_1_expand_BN-FusedBatchNormV3_0,0.6296226069998738,0.9960654829919804,2.394,6.0,1.0378550320001523,0.06530957300856244,19660800,10.963022410999656,0.2517044039996108,BatchNormalization,384,288,2.265179836012976,0
sequential-mobilenetv2_1.00_160-block_1_pad-Pad_0,0.8368605279993062,1.583275370998308,2.967,5.0,1.2336445789997015,0.0825791359966388,20155392,8.714323098000023,0.4136786380004196,Pad,0,288,1.470732027007216,0
sequential-mobilenetv2_1.00_160-block_1_depthwise_BN-FusedBatchNormV3_0,0.8141282140004478,1.246211427001981,2.147,5.0,0.16662247800013574,0.016472928997245617,4915200,2.2475172510003176,0.16546687400023075,Conv,960,82944,1.8305282850024014,0
sequential-mobilenetv2_1.00_160-block_1_project_BN-FusedBatchNormV3_0,0.8211835689999134,0.8767245539929718,1.766,5.0,0.040682445999664196,0.0041859289922285825,1228800,0.7327460080005039,0.06198493400006555,Conv,2328,2592,2.192959803011945,0
sequential-mobilenetv2_1.00_160-block_2_add-add_0,1.031166851999842,0.7652018119988497,1.651,5.0,0.03332768300060707,0.004098624995094724,1228800,4.508069672000602,0.23878668199995445,Add,8952,233232,2.0944992620061385,0
sequential-mobilenetv2_1.00_160-block_3_expand_BN-FusedBatchNormV3_0,1.0957917659998202,1.1476230580010451,2.218,5.0,0.24962253899957432,0.026330588007112965,7372800,3.181551376000243,0.09313827400001173,Conv,3600,3456,1.6474531020039649,0
sequential-mobilenetv2_1.00_160-block_3_pad-Pad_0,1.1420199060003142,0.8502655329939444,1.904,5.0,0.2643064570002025,0.027064155001426116,7746048,3.3602977720001945,0.08338427899980161,Pad,0,432,1.8985824870105716,0
sequential-mobilenetv2_1.00_160-block_3_depthwise_BN-FusedBatchNormV3_0,1.1714168779999454,0.5716002090048278,1.459,5.0,0.10284703000070294,0.006591533005121164,1843200,0.9893314199998713,0.077428334000615,Conv,1440,186624,2.147850839000057,0
sequential-mobilenetv2_1.00_160-block_3_project_BN-FusedBatchNormV3_0,1.174617085999671,1.076940550992731,1.859,5.0,0.03691263899963815,0.0015511009987676516,409600,0.6318062749996898,0.020946180000464665,Conv,4640,5040,1.6393102890124283,0
sequential-mobilenetv2_1.00_160-block_4_add-add_0,1.2487715469997056,0.9650430839974433,1.745,5.0,0.01854647800064413,0.001667674005148001,409600,0.35412943399933283,0.1174745050002457,Add,15008,358592,1.6770532950076813,0
sequential-mobilenetv2_1.00_160-block_5_add-add_0,1.3127912580002885,0.771195418012212,1.642,4.0,0.012880064000455604,0.0014248520019464195,409600,0.3882233399999677,0.10857610499897419,Add,14432,358016,1.8068812499923297,0
sequential-mobilenetv2_1.00_160-block_6_expand_BN-FusedBatchNormV3_0,1.356674679000207,0.7578463079989888,1.571,4.0,0.06348008199984179,0.008373347009182908,2457600,1.2185187579998455,0.028411308000613644,Conv,6336,6144,1.7763469390056343,0
sequential-mobilenetv2_1.00_160-block_6_pad-Pad_0,1.3667278720004106,0.7569292660045903,1.615,5.0,0.08458215599966934,0.009738185006426647,2709504,1.2913532789998499,0.030632644000434084,Pad,0,576,1.7672107879998293,0
sequential-mobilenetv2_1.00_160-block_6_depthwise_BN-FusedBatchNormV3_0,1.3556706749986915,0.9702046519960277,1.733,5.0,0.14324820199999522,0.002011520991800353,614400,0.4048649399992428,0.04551195700059907,Conv,1920,331776,1.564992599010111,0
sequential-mobilenetv2_1.00_160-block_6_project_BN-FusedBatchNormV3_0,1.3704949290013246,0.7641466460045194,1.465,5.0,0.02436066300015227,0.0008681519975652918,204800,0.2642152549997263,0.019181744999514194,Conv,12352,12864,1.7562263509989862,0
sequential-mobilenetv2_1.00_160-block_7_add-add_0,1.450176915001066,0.7726565639895853,1.61,5.0,0.01029454200033797,0.0007303970050998032,204800,0.2996112729997549,0.09471341699918412,Add,54592,1386112,1.668034447014179,0
sequential-mobilenetv2_1.00_160-block_8_add-add_0,1.496186059000138,0.6727376589988125,1.485,4.0,0.007733475999884831,0.0007303460006369278,204800,0.2928599189999659,0.15196699399984936,Add,53440,1384960,1.7219442080058798,0
sequential-mobilenetv2_1.00_160-block_9_add-add_0,1.5564829600007215,0.6850168560049497,1.535,4.0,0.008477372000015748,0.0009105979988817126,204800,0.3121432959997037,0.08136936200025957,Add,53440,1384960,1.649368109999159,0
sequential-mobilenetv2_1.00_160-block_10_expand_BN-FusedBatchNormV3_0,1.5995623809994868,0.6594890639971709,1.444,5.0,0.050433316000635386,0.004079209000337869,1228800,0.7343226799994227,0.03147109800011094,Conv,24960,24576,1.6318164810081726,0
sequential-mobilenetv2_1.00_160-block_10_depthwise_BN-FusedBatchNormV3_0,1.5963316700008363,0.6654398259997834,1.477,5.0,0.03437074500016024,0.004430938002769835,1228800,0.6716800120002517,0.048594654000226,Conv,3840,1328256,1.6290964300042106,0
sequential-mobilenetv2_1.00_160-block_10_project_BN-FusedBatchNormV3_0,1.6472389770005975,0.3838736009929562,1.293,4.0,0.011096681000708486,0.001077117005479522,307200,0.33805845999995654,0.034934084001179144,Conv,36960,38016,1.8597553480112765,0
sequential-mobilenetv2_1.00_160-block_11_add-add_0,1.7046123039999657,0.6708028889988782,1.49,5.0,0.011289271000350709,0.0011310249974485487,307200,0.3269160310001098,0.17409357900032774,Add,118752,3111360,1.5154527330059864,0
sequential-mobilenetv2_1.00_160-block_12_add-add_0,1.8235011219994703,0.5758648740011267,1.463,5.0,0.012422698000591481,0.0010709290072554722,307200,0.3217400160001489,0.1813446770011069,Add,117024,3109632,1.4915019300042331,0
sequential-mobilenetv2_1.00_160-block_13_expand_BN-FusedBatchNormV3_0,1.8300929830002133,0.26423500799864996,1.069,5.0,0.04526788800012582,0.006302671012235805,1843200,0.966310691000217,0.03557600200019806,Conv,55872,55296,1.796539935005967,0
sequential-mobilenetv2_1.00_160-block_13_pad-Pad_0,1.864445990000604,0.2710756899905391,1.095,4.0,0.07991811000010784,0.008349373005330563,2230272,1.0874043250005343,0.030627224999989267,Pad,0,1728,1.755346246013687,0
sequential-mobilenetv2_1.00_160-block_13_depthwise_BN-FusedBatchNormV3_0,1.887535886000478,0.2692269860126544,1.088,4.0,0.016512615000465303,0.001553876994876191,460800,0.3861350670003958,0.028737976000229537,Conv,5760,2985984,1.7341050539916978,0
sequential-mobilenetv2_1.00_160-block_13_project_BN-FusedBatchNormV3_0,1.8719322060005652,0.38570878699829336,1.26,5.0,0.0052484319994619,0.0005298000032780692,128000,0.23747859299965057,0.036571989000549365,Conv,92320,93888,1.6332269330059717,0
sequential-mobilenetv2_1.00_160-block_14_add-add_0,1.9042089380000107,0.17166304499551188,0.972,4.0,0.008091662999504479,0.0005468550079967827,128000,0.2555696090003039,0.10962348800057953,Add,320800,8614240,1.8149959430093077,0
sequential-mobilenetv2_1.00_160-block_15_add-add_0,2.0309689779996916,0.18850452300102916,1.053,4.0,0.005902922000132094,0.0004959240031894296,128000,0.2564444090003235,0.16468092400009482,Add,317920,8611360,1.6713944250041095,0
sequential-mobilenetv2_1.00_160-block_16_expand_BN-FusedBatchNormV3_0,2.046829769999931,0.2634322749945568,1.037,4.0,0.02001695099988865,0.0025168110005324706,768000,0.5069308950005507,0.04797483799939073,Conv,154560,153600,1.5806058810103423,0
sequential-mobilenetv2_1.00_160-block_16_depthwise_BN-FusedBatchNormV3_0,2.1312572430006185,0.17833937500836328,0.993,4.0,0.02152529799968761,0.002519072004361078,768000,0.5028771630004485,0.03328713199971389,Conv,9600,8297280,1.5812713079958485,0
sequential-mobilenetv2_1.00_160-block_16_project_BN-FusedBatchNormV3_0,2.105162591999033,0.08605243699275889,0.886,4.0,0.008869022999533627,0.0009461130102863535,256000,0.31692707700040046,0.1281483089996982,Conv,307520,310080,1.6996528970130385,0
sequential-mobilenetv2_1.00_160-Conv_1-Conv2D_0,2.1494912010002736,0.07105748700269032,0.827,4.0,0.029316916999960085,0.0035075810010312125,1024000,0.5814068740000948,0.08551092800007609,Conv,409600,409600,1.6703192380018663,0
sequential-mobilenetv2_1.00_160-Conv_1_bn-FusedBatchNormV3_0,2.178481750998799,0.02826240200374741,0.861,4.0,0.026941142000396212,0.0033438410027883947,1024000,0.6526908260002529,0.010609767000460124,BatchNormalization,5120,3840,1.684123773002284,0
sequential-global_average_pooling2d-Mean_0,2.164566468000885,0.0051914700015913695,0.682,4.0,0.004486372999963351,0.00024179500178433955,40960,0.1912073519997648,0.010185903999627044,GlobalAveragePool,0,35840,1.721109988002354,0
sequential-dense-MatMul_0,2.1487050909991012,0.027024668001104146,0.812,4.0,0.001467588000195974,8.285899821203202e-05,32,0.1802207239998097,0.00836183799947321,MatMul,1280,1280,1.7151381670046248,0
SplitLayer,1stInfTime,2ndInfTime,oscarJobTime,kubePodTime,tensorSaveTime,tensorLoadTime,tensorLenght,networkingTime,singleLayerInfTime,OpType,NrParameters,FLOPS,SingleLayerSum-Splitted,singleLayerInfTimeProf
NO_SPLIT,2.0532751650007413,0,0,0,0,0,0,0,0,,,,0.8328018920001341,
NO_SPLIT,0,1.6511745769967092,2.579,5.0,0,0.008625923001090996,2457600,4.594979723999131,0,,,,1.2349024800041661,
sequential-mobilenetv2_1.00_160-bn_Conv1-FusedBatchNormV3_0,0.1367911979996279,1.7473864380008308,2.791,6.0,0.17112080100014282,0.021838629007106647,6553600,2.9006229630003872,0.08451648299978842,Conv,896,864,1.0018994210004166,0
sequential-mobilenetv2_1.00_160-expanded_conv_depthwise_BN-FusedBatchNormV3_0,0.22864183000001503,1.3540032840101048,2.37,5.0,0.1825355299997682,0.022122237001894973,6553600,2.973055884000132,0.11242880100053299,Conv,320,9312,1.3034319429907555,0
sequential-mobilenetv2_1.00_160-expanded_conv_project_BN-FusedBatchNormV3_0,0.24969158499970945,1.2528992770094192,2.177,5.0,0.09597944000051939,0.011083375007729046,3276800,1.500852001999192,0.06818444900090981,Conv,528,608,1.3834861949917467,0
sequential-mobilenetv2_1.00_160-block_1_expand-Conv2D_0,0.48664721100067254,1.309229491991573,2.595,6.0,0.9465788520001297,0.06515789301192854,19660800,8.342723140999624,0.23309347800022806,Conv,1536,1536,1.0902003540086298,0
sequential-mobilenetv2_1.00_160-block_1_expand_BN-FusedBatchNormV3_0,0.6174355160001141,1.4119697459973395,2.745,7.0,1.2791082410003582,0.0651329879910918,19660800,8.312367501000153,0.18201760700048908,BatchNormalization,384,288,0.8566717950034217,0
sequential-mobilenetv2_1.00_160-block_1_pad-Pad_0,0.82070997000028,1.514683237997815,2.838,5.0,1.0219305079999685,0.06861633500375319,20155392,13.589743825999903,0.4565322409989676,Pad,0,288,0.5506838490027803,0
sequential-mobilenetv2_1.00_160-block_1_depthwise_BN-FusedBatchNormV3_0,0.8173678189996281,0.7633917839993956,1.74,5.0,0.16815384499932406,0.017110722008510493,4915200,2.219770965999487,0.15387461699992855,Conv,960,82944,1.3053174540018517,0
sequential-mobilenetv2_1.00_160-block_1_project_BN-FusedBatchNormV3_0,0.7278113060001488,1.0576623509987257,1.809,5.0,0.0588677790001384,0.004237950997776352,1228800,0.7041183359997376,0.03994971700012684,Conv,2328,2592,1.1006034000020009,0
sequential-mobilenetv2_1.00_160-block_2_add-add_0,0.9570837629999005,1.2544533759937622,2.033,5.0,0.032220609999967564,0.0044342949986457825,1228800,0.6210017370003698,0.20477057799871545,Add,8952,233232,0.6745399180072127,0
sequential-mobilenetv2_1.00_160-block_3_expand_BN-FusedBatchNormV3_0,1.0659837020011764,0.9533203180035343,2.008,5.0,0.15172266899935494,0.02581651500076987,7372800,3.0673175490001086,0.07837293200009299,Conv,3600,3456,0.8667730369961646,0
sequential-mobilenetv2_1.00_160-block_3_pad-Pad_0,1.0568532389997927,1.1475758820015471,2.147,5.0,0.16998304200023995,0.02600739999616053,7746048,3.03268135000053,0.0833385609994366,Pad,0,432,0.6816479359995355,0
sequential-mobilenetv2_1.00_160-block_3_depthwise_BN-FusedBatchNormV3_0,1.0783369829996445,0.6585912669979734,1.453,4.0,0.052406120000341616,0.006678075005766004,1843200,0.8946036170000298,0.055552104000526015,Conv,1440,186624,1.1491488070032574,0
sequential-mobilenetv2_1.00_160-block_3_project_BN-FusedBatchNormV3_0,1.0418629180003336,0.8844933829968795,1.765,5.0,0.013415012000223214,0.0014612160011893138,409600,0.3253388120001546,0.015287732999240689,Conv,4640,5040,0.9597207560036622,0
sequential-mobilenetv2_1.00_160-block_4_add-add_0,1.0923743100001957,0.8605895979999332,1.629,5.0,0.014297851000264927,0.0013850130053469911,409600,0.33403930500026036,0.06988254099996993,Add,15008,358592,0.9331131490007465,0
sequential-mobilenetv2_1.00_160-block_5_add-add_0,1.1728059280003436,1.0664998940046644,1.85,5.0,0.011501410999699146,0.0014640229928772897,409600,0.36741857800006983,0.07148239700018166,Add,14432,358016,0.6467712349958674,0
sequential-mobilenetv2_1.00_160-block_6_expand_BN-FusedBatchNormV3_0,1.2289425070002835,0.46592077499371953,1.285,4.0,0.054473965000397584,0.008393297001020983,2457600,1.1519795869999143,0.022396407000087493,Conv,6336,6144,1.1912137750068723,0
sequential-mobilenetv2_1.00_160-block_6_pad-Pad_0,1.25985711300018,0.8053261230088538,1.625,4.0,0.06556721700053458,0.009816463003517129,2709504,1.2015707989994553,0.023835247000533855,Pad,0,576,0.8208938209918415,0
sequential-mobilenetv2_1.00_160-block_6_depthwise_BN-FusedBatchNormV3_0,1.2076018480001949,0.5749389810080174,1.496,4.0,0.02152226900034293,0.0019808859942713752,614400,0.41304708500047127,0.020341029000519484,Conv,1920,331776,1.103536227992663,0
sequential-mobilenetv2_1.00_160-block_6_project_BN-FusedBatchNormV3_0,1.204029589000129,0.5825491880095797,1.436,4.0,0.010810809999384219,0.0008434260089416057,204800,0.24334033000013733,0.009657804999733344,Conv,12352,12864,1.0994982799911668,0
sequential-mobilenetv2_1.00_160-block_7_add-add_0,1.2974933810000948,0.41880947099707555,1.271,4.0,0.007592781000312243,0.0008010799938347191,204800,0.23254119099965465,0.06120283899963397,Add,54592,1386112,1.169774205003705,0
sequential-mobilenetv2_1.00_160-block_8_add-add_0,1.3305119920005382,0.8766934229934122,1.66,5.0,0.0068474400004561176,0.0008170720102498308,204800,0.21460146800018265,0.06143987199993717,Add,53440,1384960,0.678871642006925,0
sequential-mobilenetv2_1.00_160-block_9_add-add_0,1.5304360290001569,0.7729209190001711,1.572,4.0,0.006293485000242072,0.0007349130028160289,204800,0.2765973750001649,0.061650071999793,Add,53440,1384960,0.5827201090005474,0
sequential-mobilenetv2_1.00_160-block_10_expand_BN-FusedBatchNormV3_0,1.413884199999302,0.6580614999984391,1.574,5.0,0.030339462000483763,0.004322677996242419,1228800,0.7517310539997197,0.016417681999882916,Conv,24960,24576,0.8141313570031343,0
sequential-mobilenetv2_1.00_160-block_10_depthwise_BN-FusedBatchNormV3_0,1.4470293160011352,0.6746965049969731,1.65,5.0,0.03151272299965058,0.004106700987904333,1228800,0.6494200080005612,0.04292977200020687,Conv,3840,1328256,0.7643512360027671,0
sequential-mobilenetv2_1.00_160-block_10_project_BN-FusedBatchNormV3_0,1.519672117000482,0.46461528399959207,1.254,4.0,0.009745696000209136,0.0010437390010338277,307200,0.2619447630004288,0.021019720999902347,Conv,36960,38016,0.9017896560008012,0
sequential-mobilenetv2_1.00_160-block_11_add-add_0,1.5537078699999256,0.6713755569944624,1.501,5.0,0.008295865000036429,0.0010456010058987886,307200,0.2636933349995161,0.11050030500155117,Add,118752,3111360,0.6609936300064874,0
sequential-mobilenetv2_1.00_160-block_12_add-add_0,1.6505972229988402,0.36351254100736696,1.134,4.0,0.009398700999554421,0.0012475900002755225,307200,0.267854984999758,0.10186606600018422,Add,117024,3109632,0.8719672929946682,0
sequential-mobilenetv2_1.00_160-block_13_expand_BN-FusedBatchNormV3_0,1.7372689229996467,0.3782182919967454,1.305,4.0,0.041966929999944114,0.006304316004388966,1843200,0.8677269210002123,0.030971479999607254,Conv,55872,55296,0.7705898420044832,0
sequential-mobilenetv2_1.00_160-block_13_pad-Pad_0,1.738454379000359,0.3670583719940623,1.256,4.0,0.05332432800059905,0.0076681579957949,2230272,0.9911148199998934,0.02142506699965452,Pad,0,1728,0.780564306006454,0
sequential-mobilenetv2_1.00_160-block_13_depthwise_BN-FusedBatchNormV3_0,1.7074711189998197,0.1857855719863437,1.111,4.0,0.024200792000556248,0.001523273007478565,460800,0.35790647999965586,0.021401771000455483,Conv,5760,2985984,0.9928203660147119,0
sequential-mobilenetv2_1.00_160-block_13_project_BN-FusedBatchNormV3_0,1.6961290790004568,0.17810605799604673,1.008,4.0,0.00510790999942401,0.000495051994221285,128000,0.1983459719995153,0.014918132000275364,Conv,92320,93888,1.0118419200043718,0
sequential-mobilenetv2_1.00_160-block_14_add-add_0,1.7924173720002727,0.2804033519933,1.106,4.0,0.0055880339996292605,0.0005707300006179139,128000,0.24792557999990095,0.08884208600011334,Add,320800,8614240,0.8132563330073026,0
sequential-mobilenetv2_1.00_160-block_15_add-add_0,1.8449606269996366,0.28072491800412536,0.978,4.0,0.00731454600008874,0.000654420000500977,128000,0.19434338500013837,0.0681302909997612,Add,317920,8611360,0.7603915119971134,0
sequential-mobilenetv2_1.00_160-block_16_expand_BN-FusedBatchNormV3_0,1.9131930570001714,0.09712150700215716,0.967,4.0,0.019192789000044286,0.002536201005568728,768000,0.5526282349992471,0.022660737000478548,Conv,154560,153600,0.8757624929985468,0
sequential-mobilenetv2_1.00_160-block_16_depthwise_BN-FusedBatchNormV3_0,1.9419421090005926,0.2693930840032408,1.091,5.0,0.020322236000538396,0.0026116179942619056,768000,1.4097065500000099,0.028602914999282802,Conv,9600,8297280,0.674741863997042,0
sequential-mobilenetv2_1.00_160-block_16_project_BN-FusedBatchNormV3_0,1.997849917000167,0.0794841149909189,0.93,4.0,0.009459942999455961,0.0009644529927754775,256000,0.26490087599995604,0.04323491500053933,Conv,307520,310080,0.8087430250097896,0
sequential-mobilenetv2_1.00_160-Conv_1-Conv2D_0,2.0346598229998563,0.0730648500029929,0.769,4.0,0.0257202539996797,0.0034233040059916675,1024000,0.6023617540004125,0.060232710999116534,Conv,409600,409600,0.7783523839980262,0
sequential-mobilenetv2_1.00_160-Conv_1_bn-FusedBatchNormV3_0,2.2082071840004573,0.07444860099349171,0.899,4.0,0.0255642190004437,0.003409105003811419,1024000,0.5824897960001181,0.008372991000214824,BatchNormalization,5120,3840,0.6034212720069263,0
sequential-global_average_pooling2d-Mean_0,2.0617147590010063,0.029529644001740962,0.839,4.0,0.004021722000288719,0.0002179709990741685,40960,0.1435445859997344,0.01173785399987537,GlobalAveragePool,0,35840,0.7948326539981281,0
sequential-dense-MatMul_0,2.0901223360006043,0.025263336996431462,0.783,4.0,0.001375498999550473,7.929799903649837e-05,32,0.12481331000071805,0.0030050510004002717,MatMul,1280,1280,0.7706913840038396,0
SplitLayer,1stInfTime,2ndInfTime,oscarJobTime,kubePodTime,tensorSaveTime,tensorLoadTime,tensorLenght,networkingTime,singleLayerInfTime,OpType,NrParameters,FLOPS,SingleLayerSum-Splitted,singleLayerInfTimeProf
NO_SPLIT,2.012701484999525,0,0,0,0,0,0,0,0,,,,2.3846951590030585,
NO_SPLIT,0,1.161801310008741,2.061,5.0,0,0.0085743820091011,2457600,1.1281083309995665,0,,,,3.2355953339938424,
sequential-mobilenetv2_1.00_160-bn_Conv1-FusedBatchNormV3_0,0.08552402900022571,1.7545645110076293,2.685,6.0,0.1438372550001077,0.0229269979899982,6553600,2.666195509999852,0.12044340500051476,Conv,896,864,2.5573081039947283,0
sequential-mobilenetv2_1.00_160-expanded_conv_depthwise_BN-FusedBatchNormV3_0,0.17509476299983362,1.1672801069944398,2.15,5.0,0.15634795000005397,0.022454181002103724,6553600,2.5666533969997545,0.13764043600076548,Conv,320,9312,3.05502177400831,0
sequential-mobilenetv2_1.00_160-expanded_conv_project_BN-FusedBatchNormV3_0,0.22114125499956572,1.0528785000060452,1.923,5.0,0.11397295999995549,0.011315106006804854,3276800,1.4087474210000437,0.12142485200001829,Conv,528,608,3.1233768889969724,0
sequential-mobilenetv2_1.00_160-block_1_expand-Conv2D_0,0.3782702150001569,1.407326030996046,2.804,6.0,0.9885678099999495,0.06904073899204377,19660800,7.979940270000043,0.32607026400000905,Conv,1536,1536,2.6118003980063804,0
sequential-mobilenetv2_1.00_160-block_1_expand_BN-FusedBatchNormV3_0,0.5318083860001934,1.412231922004139,2.73,6.0,0.9838767369992638,0.0651764100039145,19660800,8.24297503300022,0.30894619500122644,BatchNormalization,384,288,2.453356335998251,0
sequential-mobilenetv2_1.00_160-block_1_pad-Pad_0,0.7542328529998485,0.9900594069913495,2.24,5.0,1.234838886000034,0.06753368899808265,20155392,8.538200347000384,0.5157888310004637,Pad,0,288,2.6531043840113853,0
sequential-mobilenetv2_1.00_160-block_1_depthwise_BN-FusedBatchNormV3_0,0.759380799999235,0.9586824779980816,1.97,5.0,0.18351938399973733,0.01688053400721401,4915200,2.2017419180001525,0.1737896959994032,Conv,960,82944,2.6793333660052667,0
sequential-mobilenetv2_1.00_160-block_1_project_BN-FusedBatchNormV3_0,0.7642912710007295,1.2667772860004334,2.054,5.0,0.053687761999754,0.00406398500490468,1228800,0.7281284209993828,0.08172295999975177,Conv,2328,2592,2.3663280870014205,0
sequential-mobilenetv2_1.00_160-block_2_add-add_0,0.966644200000701,0.8659536740015028,1.727,4.0,0.03478416899997683,0.004307091003283858,1228800,0.7286440919997403,0.21100609000041004,Add,8952,233232,2.5647987700003796,0
sequential-mobilenetv2_1.00_160-block_3_expand_BN-FusedBatchNormV3_0,1.051727217000007,0.5541252330003772,1.647,5.0,0.2069577140000547,0.02494505199138075,7372800,3.205346238999482,0.06396252600006846,Conv,3600,3456,2.791544194002199,0
sequential-mobilenetv2_1.00_160-block_3_pad-Pad_0,1.0644404140002734,1.207050666998839,2.277,6.0,0.19720844699986628,0.0259352540015243,7746048,3.4024158789998182,0.08319705000030808,Pad,0,432,2.125905563003471,0
sequential-mobilenetv2_1.00_160-block_3_depthwise_BN-FusedBatchNormV3_0,1.1310407580003812,0.970164714002749,1.917,5.0,0.06464213999970525,0.006509853003080934,1843200,0.9511144360003527,0.12556353699983447,Conv,1440,186624,2.296191171999453,0
sequential-mobilenetv2_1.00_160-block_3_project_BN-FusedBatchNormV3_0,1.1449539419991197,1.0812318829994183,1.988,5.0,0.014804028000071412,0.0014554329973179847,409600,0.36608019699997385,0.06282094399921334,Conv,4640,5040,2.1712108190040453,0
sequential-mobilenetv2_1.00_160-block_4_add-add_0,1.1757241800005431,0.9655307380016893,1.793,6.0,0.015642445000594307,0.0014205170009518042,409600,0.375863689999278,0.14479280099931202,Add,15008,358592,2.256141726000351,0
sequential-mobilenetv2_1.00_160-block_5_add-add_0,1.2915029749992755,0.7945088949927595,1.605,4.0,0.012899284000013722,0.0014714210119564086,409600,0.380831782000314,0.15810290700028418,Add,14432,358016,2.3113847740105484,0
sequential-mobilenetv2_1.00_160-block_6_expand_BN-FusedBatchNormV3_0,1.3642872520003948,0.8598326579958666,1.743,4.0,0.0965181309993568,0.00843547000840772,2457600,1.1623149099996226,0.03782179700010602,Conv,6336,6144,2.173276734006322,0
sequential-mobilenetv2_1.00_160-block_6_pad-Pad_0,1.3197293180000997,0.8685459910047939,1.798,5.0,0.07798219199958112,0.009419174995855428,2709504,1.2491976149995025,0.03174662399942463,Pad,0,576,2.2091213349976897,0
sequential-mobilenetv2_1.00_160-block_6_depthwise_BN-FusedBatchNormV3_0,1.3121264969995536,0.5678419390023919,1.367,4.0,0.021969972000078997,0.0020464020053623244,614400,0.4894776800001637,0.04596098199908738,Conv,1920,331776,2.517428208000638,0
sequential-mobilenetv2_1.00_160-block_6_project_BN-FusedBatchNormV3_0,1.3143604280003274,0.8761415549961384,1.718,5.0,0.008614655999735987,0.0007776570128044114,204800,0.3084275159999379,0.025204677999681735,Conv,12352,12864,2.2068946610061175,0
sequential-mobilenetv2_1.00_160-block_7_add-add_0,1.3862191000007442,0.671086500005913,1.534,4.0,0.010270658000081312,0.0007876499876147136,204800,0.27734906200021214,0.09217860799981281,Add,54592,1386112,2.340091043995926,0
sequential-mobilenetv2_1.00_160-block_8_add-add_0,1.4434098819992869,0.5731990719941678,1.353,4.0,0.006510195000373642,0.000878046004800126,204800,0.2749053659999845,0.09245339899916871,Add,53440,1384960,2.3807876900091287,0
sequential-mobilenetv2_1.00_160-block_9_add-add_0,1.5211508639995373,0.7688142729894025,1.584,5.0,0.006582489999345853,0.0008408749999944121,204800,0.328489668999282,0.09219847599888453,Add,53440,1384960,2.1074315070136436,0
sequential-mobilenetv2_1.00_160-block_10_expand_BN-FusedBatchNormV3_0,1.5024172739995265,0.3746963500016136,1.05,4.0,0.05081197199979215,0.004329679999500513,1228800,0.7234256869996898,0.03564204100075585,Conv,24960,24576,2.520283020001443,0
sequential-mobilenetv2_1.00_160-block_10_depthwise_BN-FusedBatchNormV3_0,1.5366800489991874,0.6660222319915192,1.595,4.0,0.05369421800060081,0.004085627006134018,1228800,0.8068506590007019,0.06524440900011541,Conv,3840,1328256,2.1946943630118767,0
sequential-mobilenetv2_1.00_160-block_10_project_BN-FusedBatchNormV3_0,1.592851600999893,0.4736043449956924,1.329,4.0,0.014042580000023008,0.0010449229885125533,307200,0.3494983629998387,0.07183700099994894,Conv,36960,38016,2.330940698006998,0
sequential-mobilenetv2_1.00_160-block_11_add-add_0,1.6701383259996874,0.3834152380004525,1.278,5.0,0.010357449999901291,0.0012986509973416105,307200,0.36149041000044235,0.20170352700006333,Add,118752,3111360,2.3438430800024435,0
sequential-mobilenetv2_1.00_160-block_12_add-add_0,1.744583036000222,0.37260261000483297,1.189,5.0,0.011142034999465977,0.0011292010021861643,307200,0.33841285000016796,0.1449880950003717,Add,117024,3109632,2.2802109979975285,0
sequential-mobilenetv2_1.00_160-block_13_expand_BN-FusedBatchNormV3_0,1.77731807300097,0.26303408898820635,1.13,4.0,0.06677331299943035,0.006228254002053291,1843200,0.9236578629997894,0.03859011700023984,Conv,55872,55296,2.357044482013407,0
sequential-mobilenetv2_1.00_160-block_13_pad-Pad_0,1.7856813210000837,0.3706889860040974,1.222,4.0,0.0794924740002898,0.007614760994329117,2230272,1.189948911999636,0.02627059100086626,Pad,0,1728,2.2410263369984023,0
sequential-mobilenetv2_1.00_160-block_13_depthwise_BN-FusedBatchNormV3_0,2.072666229000788,0.3690009440033464,1.207,4.0,0.01666901200042048,0.0015227750118356198,460800,0.3777022959993701,0.06441506300052424,Conv,5760,2985984,1.955729470998449,0
sequential-mobilenetv2_1.00_160-block_13_project_BN-FusedBatchNormV3_0,1.868581763000293,0.3823794610070763,1.214,4.0,0.005869790999895486,0.0005838390061398968,128000,0.2615982509996684,0.03392887299924041,Conv,92320,93888,2.146435419995214,0
sequential-mobilenetv2_1.00_160-block_14_add-add_0,1.8756204199989952,0.1812933740002336,0.967,4.0,0.007717178000348213,0.0004984109982615337,128000,0.2209079619997283,0.10091240600013407,Add,320800,8614240,2.3404828500033545,0
sequential-mobilenetv2_1.00_160-block_15_add-add_0,2.0167117579994738,0.1760786959930556,1.002,4.0,0.006202045999998518,0.0005021049873903394,128000,0.259220269999787,0.19511512700046296,Add,317920,8611360,2.204606190010054,0
sequential-mobilenetv2_1.00_160-block_16_expand_BN-FusedBatchNormV3_0,1.9388338649996513,0.1763480579975294,0.971,4.0,0.02502206900044257,0.0025035559956450015,768000,0.5376906860001327,0.0602112019996639,Conv,154560,153600,2.2822147210054027,0
sequential-mobilenetv2_1.00_160-block_16_depthwise_BN-FusedBatchNormV3_0,1.992704708999554,0.17138407299353275,0.91,4.0,0.023143847000028472,0.002579135005362332,768000,0.5808426849998796,0.08480032800071058,Conv,9600,8297280,2.2333078620094966,0
sequential-mobilenetv2_1.00_160-block_16_project_BN-FusedBatchNormV3_0,2.0793044350002674,0.16997284699755255,0.957,4.0,0.025635318999775336,0.0009835340024437755,256000,0.2937302410000484,0.0931646199996976,Conv,307520,310080,2.1481193620047634,0
sequential-mobilenetv2_1.00_160-Conv_1-Conv2D_0,2.1284666199999265,0.08658542500052135,0.785,4.0,0.05403286699947785,0.003734402998816222,1024000,0.6521222290002697,0.10488652200092474,Conv,409600,409600,2.1823445990021355,0
sequential-mobilenetv2_1.00_160-Conv_1_bn-FusedBatchNormV3_0,2.1212023519992727,0.035789414003374986,0.849,3.0,0.0555190519999087,0.0033716129983076826,1024000,0.6535198540004785,0.010055737000584486,BatchNormalization,5120,3840,2.2404048779999357,0
sequential-global_average_pooling2d-Mean_0,2.1577575570008776,0.02646307199029252,0.793,4.0,0.006521522000184632,0.00023200300347525626,40960,0.2043930760000876,0.00914691399975709,GlobalAveragePool,0,35840,2.2131760150114133,0
sequential-dense-MatMul_0,2.109739865000847,0.02848950600309763,0.843,4.0,0.0013294480004333309,8.012499893084168e-05,32,0.1828115420003087,0.0036470130007728585,MatMul,1280,1280,2.2591672729986385,0
SplitLayer,1stInfTime,2ndInfTime,oscarJobTime,kubePodTime,tensorSaveTime,tensorLoadTime,tensorLenght,networkingTime,singleLayerInfTime,OpType,NrParameters,FLOPS,SingleLayerSum-Splitted,singleLayerInfTimeProf
NO_SPLIT,2.13554851400022,0,0,0,0,0,0,0,0,,,,1.9137571989977005,
NO_SPLIT,0,1.7641865569894435,2.632,6.0,0,0.008361707994481549,2457600,1.1472206469998127,0,,,,2.285119156008477,
sequential-mobilenetv2_1.00_160-bn_Conv1-FusedBatchNormV3_0,0.1749485430009372,1.154387439994025,2.128,5.0,0.21747066500029177,0.02312700400943868,6553600,2.8963435989999198,0.1050729290000163,Conv,896,864,2.7199697300029584,0
sequential-mobilenetv2_1.00_160-expanded_conv_depthwise_BN-FusedBatchNormV3_0,0.24095853600010742,1.5541038880037377,2.535,6.0,0.19466529300007096,0.022407042008126155,6553600,3.002229649000583,0.130661415000759,Conv,320,9312,2.2542432889940756,0
sequential-mobilenetv2_1.00_160-expanded_conv_project_BN-FusedBatchNormV3_0,0.27824521100046695,1.0542606420058291,1.877,5.0,0.09547622999980376,0.011556782992556691,3276800,1.6182860720000463,0.10553118200004974,Conv,528,608,2.7167998599916245,0
sequential-mobilenetv2_1.00_160-block_1_expand-Conv2D_0,0.5580735189996631,0.9094453559955582,2.351,5.0,1.0740246159994058,0.06488333600282203,19660800,8.104008232000524,0.3175360899995212,Conv,1536,1536,2.5817868380026994,0
sequential-mobilenetv2_1.00_160-block_1_expand_BN-FusedBatchNormV3_0,0.6833743919996778,1.398768689003191,2.673,5.0,1.257011854000666,0.06536983100522775,19660800,7.971823416999541,0.3059349879995352,BatchNormalization,384,288,1.967162631995052,0
sequential-mobilenetv2_1.00_160-block_1_pad-Pad_0,0.8428726549991552,1.5029348300013226,2.809,5.0,1.2079821010001979,0.06664813100360334,20155392,12.950957790999382,0.48520160200041573,Pad,0,288,1.7034982279974429,0
sequential-mobilenetv2_1.00_160-block_1_depthwise_BN-FusedBatchNormV3_0,0.8271911169995292,0.9474143499974161,1.871,6.0,0.16806196000015916,0.016320052003720775,4915200,2.2423729370002548,0.16015792200050782,Conv,960,82944,2.2747002460009753,0
sequential-mobilenetv2_1.00_160-block_1_project_BN-FusedBatchNormV3_0,0.7733462309997776,1.36832545499783,2.161,5.0,0.038826156000141054,0.004139298995141871,1228800,0.7311567800006742,0.06517339199945127,Conv,2328,2592,1.907634027000313,0
sequential-mobilenetv2_1.00_160-block_2_add-add_0,0.9666711520003446,1.2686753519956255,2.041,5.0,0.031852032999267976,0.004216867993818596,1228800,0.6800208309996378,0.26569463799842197,Add,8952,233232,1.8139592090019505,0
sequential-mobilenetv2_1.00_160-block_3_expand_BN-FusedBatchNormV3_0,1.0590887519992975,0.5541426330019021,1.59,5.0,0.21285668200016516,0.02537985499657225,7372800,3.1289736959997754,0.11451415999908932,Conv,3600,3456,2.436074327996721,0
sequential-mobilenetv2_1.00_160-block_3_pad-Pad_0,1.0789605720001418,1.057849738994264,2.124,6.0,0.21795608100001118,0.025869942997815087,7746048,3.2322306240002945,0.10711075100061862,Pad,0,432,1.9124954020035148,0
sequential-mobilenetv2_1.00_160-block_3_depthwise_BN-FusedBatchNormV3_0,1.1409026709998216,0.857637576002162,1.735,5.0,0.07849338899995928,0.006344542998704128,1843200,0.9411600429993996,0.06917067600079463,Conv,1440,186624,2.050765465995937,0
sequential-mobilenetv2_1.00_160-block_3_project_BN-FusedBatchNormV3_0,1.1310935470000913,1.064592224007356,1.812,5.0,0.015716536000581982,0.001454604003811255,409600,0.3973553059995538,0.028092010000364098,Conv,4640,5040,1.8536199419904733,0
sequential-mobilenetv2_1.00_160-block_4_add-add_0,1.1968836770010967,0.6631221170100616,1.433,4.0,0.027605044000665657,0.0015255369944497943,409600,0.41748263599947677,0.11161463999997068,Add,15008,358592,2.1892999189867623,0
sequential-mobilenetv2_1.00_160-block_5_add-add_0,1.2385157049993722,0.5678049749985803,1.232,4.0,0.012402037999891036,0.0013875610020477325,409600,0.3736462050001137,0.1513047500002358,Add,14432,358016,2.242985032999968,0
sequential-mobilenetv2_1.00_160-block_6_expand_BN-FusedBatchNormV3_0,1.2853029329990022,0.5622599960042862,1.401,5.0,0.07470057799946517,0.008532252002623864,2457600,1.2501661239994064,0.035080590999314154,Conv,6336,6144,2.201742783994632,0
sequential-mobilenetv2_1.00_160-block_6_pad-Pad_0,1.2940610679997917,0.9646189280028921,1.847,5.0,0.08626180999999633,0.009544903005007654,2709504,1.2267860489992017,0.03013024400024733,Pad,0,576,1.7906257169952369,0
sequential-mobilenetv2_1.00_160-block_6_depthwise_BN-FusedBatchNormV3_0,1.3192035470001429,0.4758931010001106,1.321,5.0,0.023137354999562376,0.0020372220024000853,614400,0.5210314930000095,0.020977022000806755,Conv,1920,331776,2.254209064997667,0
sequential-mobilenetv2_1.00_160-block_6_project_BN-FusedBatchNormV3_0,1.2958389739997074,0.47539350000442937,1.372,4.0,0.007806054999491607,0.0007310629880521446,204800,0.2973218329998417,0.03083651299948542,Conv,12352,12864,2.278073238993784,0
sequential-mobilenetv2_1.00_160-block_7_add-add_0,1.3513313180001205,0.5842811220063595,1.39,4.0,0.007817720999810263,0.0007836550066713244,204800,0.28681802899973263,0.1562376880001466,Add,54592,1386112,2.1136932729914406,0
sequential-mobilenetv2_1.00_160-block_8_add-add_0,1.4098730690002412,0.47277600699453615,1.336,5.0,0.00807362599971384,0.0007487380062229931,204800,0.24513117100013915,0.08261169599973073,Add,53440,1384960,2.1666566370031433,0
sequential-mobilenetv2_1.00_160-block_9_add-add_0,1.4531691679994765,0.7931297040049685,1.721,5.0,0.0066981059999307035,0.0007976289925863966,204800,0.2590280389995314,0.11056548499982455,Add,53440,1384960,1.8030068409934756,0
sequential-mobilenetv2_1.00_160-block_10_expand_BN-FusedBatchNormV3_0,1.492405088999476,0.77413460999378,1.675,5.0,0.02999864199955482,0.004319372004829347,1228800,0.7233025290006481,0.039479221999499714,Conv,24960,24576,1.7827660140046646,0
sequential-mobilenetv2_1.00_160-block_10_depthwise_BN-FusedBatchNormV3_0,1.5769193019996237,0.7748967929946957,1.65,5.0,0.039181513000585255,0.004308539006160572,1228800,0.6759226620006302,0.05753563100006431,Conv,3840,1328256,1.6974896180036012,0
sequential-mobilenetv2_1.00_160-block_10_project_BN-FusedBatchNormV3_0,1.685751796000659,0.5754111770074815,1.406,4.0,0.010773574999802804,0.0011987610050709918,307200,0.3019808680001006,0.05280676299935294,Conv,36960,38016,1.7881427399897802,0
sequential-mobilenetv2_1.00_160-block_11_add-add_0,1.6699573729993062,0.5732440069987206,1.392,5.0,0.010267691000080958,0.0011603849998209625,307200,0.3016728680004235,0.12892938899949513,Add,118752,3111360,1.8061043329998938,0
sequential-mobilenetv2_1.00_160-block_12_add-add_0,1.7320248360001642,0.4776286239939509,1.296,5.0,0.02008620400010841,0.0010641890112310648,307200,0.3132026169996607,0.14117483199970593,Add,117024,3109632,1.8396522530038055,0
sequential-mobilenetv2_1.00_160-block_13_expand_BN-FusedBatchNormV3_0,1.768670416000532,0.3732930149999447,1.294,4.0,0.0458747829998174,0.006559628003742546,1843200,0.9354914079995069,0.03525490300035017,Conv,55872,55296,1.907342281997444,0
sequential-mobilenetv2_1.00_160-block_13_pad-Pad_0,1.9542417259999638,0.36460460200032685,1.259,4.0,0.07821946799958823,0.007856680997065268,2230272,1.086022757000137,0.03216321800027799,Pad,0,1728,1.73045938499763,0
sequential-mobilenetv2_1.00_160-block_13_depthwise_BN-FusedBatchNormV3_0,1.7721697260003566,0.3641625029995339,1.206,4.0,0.017008165999868652,0.0015443469892488793,460800,0.4215622120000262,0.026286919000085618,Conv,5760,2985984,1.9129734839980301,0
sequential-mobilenetv2_1.00_160-block_13_project_BN-FusedBatchNormV3_0,1.8597611180002787,0.3776896399940597,1.243,5.0,0.006185129000186862,0.0005672200059052557,128000,0.24325594499987346,0.031365339000331005,Conv,92320,93888,1.8118549550035823,0
sequential-mobilenetv2_1.00_160-block_14_add-add_0,1.8584834319999572,0.28152673300064635,1.142,4.0,0.006270017000133521,0.0004994159971829504,128000,0.24110422800004017,0.09523896599966974,Add,320800,8614240,1.909295547997317,0
sequential-mobilenetv2_1.00_160-block_15_add-add_0,1.9430074910005715,0.27297495400125626,1.107,4.0,0.00509329099986644,0.0005167720082681626,128000,0.23204559500027244,0.1278963439999643,Add,317920,8611360,1.833323267996093,0
sequential-mobilenetv2_1.00_160-block_16_expand_BN-FusedBatchNormV3_0,1.9415831770002114,0.17327849700814113,1.012,4.0,0.020332126000539574,0.0026287560031050816,768000,0.5437678169992068,0.02780725299999176,Conv,154560,153600,1.934444038989568,0
sequential-mobilenetv2_1.00_160-block_16_depthwise_BN-FusedBatchNormV3_0,2.002548535999267,0.17148892101249658,0.962,4.0,0.024805052999909094,0.0027067880000686273,768000,0.5849345380001978,0.0369768259997727,Conv,9600,8297280,1.8752682559861569,0
sequential-mobilenetv2_1.00_160-block_16_project_BN-FusedBatchNormV3_0,2.0142255640002986,0.08149468600458931,0.917,4.0,0.02473472000019683,0.0009022809972520918,256000,0.2997705300003872,0.12118829599967285,Conv,307520,310080,1.9535854629930327,0
sequential-mobilenetv2_1.00_160-Conv_1-Conv2D_0,2.072358140999313,0.08137858400004916,0.817,4.0,0.04843600699950912,0.00353765299951192,1024000,0.5825062060002892,0.08298450500024046,Conv,409600,409600,1.8955689879985584,0
sequential-mobilenetv2_1.00_160-Conv_1_bn-FusedBatchNormV3_0,2.1187670640010765,0.07005611500062514,0.901,4.0,0.030587353000555595,0.0034456629946362227,1024000,0.5860154550000516,0.009147275999566773,BatchNormalization,5120,3840,1.860482533996219,0
sequential-global_average_pooling2d-Mean_0,2.252727611999944,0.028432710998458788,0.728,4.0,0.004996495000341383,0.0002613729884615168,40960,0.3081388660002631,0.010382522000327299,GlobalAveragePool,0,35840,1.7681453899995176,0
sequential-dense-MatMul_0,2.161634899999626,0.02499280299525708,0.855,4.0,0.0025249330001315684,8.301901107188314e-05,32,0.19359556499966857,0.003477125000244996,MatMul,1280,1280,1.8626780100030373,0
